2023-07-02,2023-07-03,95.46,Consultoria em TI,PAID
2023-07-03,2023-07-04,933.81,Serviços de design gráfico,PENDING
2023-07-04,2023-07-05,747.38,Serviços de assistência técnica,OVERDUE
2023-07-05,2023-07-06,443.64,Despesas com softwares de produtividade,OVERDUE
2023-07-06,2023-07-07,736.9,Consultoria em RH,PENDING
2023-07-07,2023-07-08,1229.16,Serviços de contabilidade,PENDING
2023-07-08,2023-07-09,869.28,Serviços de transporte,OVERDUE
2023-07-09,2023-07-10,441.93,Serviços de digitalização de documentos,PENDING
2023-07-10,2023-07-11,1218.99,Serviços de transporte,PAID
2023-07-11,2023-07-12,918.66,Compra de combustível,PAID
2023-07-12,2023-07-13,170.6,Serviços de reciclagem,PAID
2023-07-13,2023-07-14,545.0,Despesas administrativas,PAID
2023-07-14,2023-07-15,1146.2,Participação em feiras,OVERDUE
2023-07-15,2023-07-16,532.52,Serviço de armazenamento,OVERDUE
2023-07-16,2023-07-17,323.07,Consultoria em TI,OVERDUE
2023-07-17,2023-07-18,1426.01,Manutenção de equipamentos,PAID
2023-07-18,2023-07-19,115.64,Serviços de backup,PAID
2023-07-19,2023-07-20,627.35,Serviços de reciclagem,PAID
2023-07-20,2023-07-21,305.73,Seguro empresarial,PAID
2023-07-21,2023-07-22,51.06,Consultoria financeira,PENDING
2023-07-22,2023-07-23,349.91,Serviços de contabilidade,PENDING
2023-07-23,2023-07-24,555.06,Serviços de paisagismo,OVERDUE
2023-07-24,2023-07-25,969.71,Pagamento de serviços públicos,OVERDUE
2023-07-25,2023-07-26,297.8,Despesas de viagem,OVERDUE
2023-07-26,2023-07-27,703.98,Serviços de telecomunicações,PENDING
2023-07-27,2023-07-28,1482.38,Serviços de digitalização de documentos,OVERDUE
2023-07-28,2023-07-29,280.52,Serviços de auditoria,PENDING
2023-07-29,2023-07-30,1204.84,Despesa com treinamento,PAID
2023-07-30,2023-07-31,469.0,Serviços de assistência técnica,PAID
2023-07-31,2023-08-01,1286.53,Serviços de auditoria,OVERDUE
2023-08-01,2023-08-02,451.82,Pagamento de fornecedores,OVERDUE
2023-08-02,2023-08-03,1267.47,Participação em feiras,PAID
2023-08-03,2023-08-04,316.56,Compra de combustível,PENDING
2023-08-04,2023-08-05,459.06,Serviços de inspeção,OVERDUE
2023-08-05,2023-08-06,1081.8,Serviços de jardinagem,OVERDUE
2023-08-06,2023-08-07,138.34,Serviços de recuperação de desastres,PAID
2023-08-07,2023-08-08,490.96,Aluguel do escritório,OVERDUE
2023-08-08,2023-08-09,688.77,Consultoria estratégica,PENDING
2023-08-09,2023-08-10,967.17,Despesas de alimentação,PAID
2023-08-10,2023-08-11,205.36,Despesas com melhorias de infraestrutura,OVERDUE
2023-08-11,2023-08-12,816.13,Contratação de mão de obra,PAID
2023-08-12,2023-08-13,1310.02,Serviços de suporte ao cliente,PENDING
2023-08-13,2023-08-14,198.52,Manutenção de TI,PAID
2023-08-14,2023-08-15,714.04,Despesa com correios,PENDING
2023-08-15,2023-08-16,408.17,Serviços de contabilidade,PAID
2023-08-16,2023-08-17,581.76,Serviços de jardinagem,OVERDUE
2023-08-17,2023-08-18,962.84,Despesas com eventos,PAID
2023-08-18,2023-08-19,583.97,Assinatura de revistas técnicas,OVERDUE
2023-08-19,2023-08-20,723.15,Serviços de inspeção,OVERDUE
2023-08-20,2023-08-21,870.52,Despesas com transporte de cargas,OVERDUE
2023-08-21,2023-08-22,487.09,Serviços de fotografia,PENDING
2023-08-22,2023-08-23,1177.81,Despesas de viagem,OVERDUE
2023-08-23,2023-08-24,434.05,Despesas com transporte de cargas,OVERDUE
2023-08-24,2023-08-25,477.22,Serviços de digitalização de documentos,PAID
2023-08-25,2023-08-26,387.6,Despesas administrativas,PAID
2023-08-26,2023-08-27,1317.36,Compra de combustível,PAID
2023-08-27,2023-08-28,634.48,Aluguel do escritório,PAID
2023-08-28,2023-08-29,406.98,Contratação de mão de obra,PENDING
2023-08-29,2023-08-30,325.8,Serviços de impressão,PAID
2023-08-30,2023-08-31,927.57,Despesas com transporte de cargas,PENDING
2023-08-31,2023-09-01,168.76,Consultoria financeira,OVERDUE
2023-09-01,2023-09-02,989.38,Licenciamento de software,PAID
2023-09-02,2023-09-03,140.01,Hospedagem de sites,PENDING
2023-09-03,2023-09-04,740.6,Serviços de contabilidade,PAID
2023-09-04,2023-09-05,867.05,Serviços de assistência técnica,PENDING
2023-09-05,2023-09-06,940.63,Serviços de assistência técnica,OVERDUE
2023-09-06,2023-09-07,286.06,Serviços de digitalização de documentos,PENDING
2023-09-07,2023-09-08,1124.71,Serviço de armazenamento,PAID
2023-09-08,2023-09-09,639.62,Compra de equipamentos de proteção,OVERDUE
2023-09-09,2023-09-10,1141.18,Compra de suprimentos,OVERDUE
2023-09-10,2023-09-11,423.53,Despesas administrativas,PENDING
2023-09-11,2023-09-12,452.33,Despesas com eventos,OVERDUE
2023-09-12,2023-09-13,198.4,Serviços de limpeza de janelas,OVERDUE
2023-09-13,2023-09-14,306.63,Hospedagem de sites,PENDING
2023-09-14,2023-09-15,1094.26,Despesas com cloud computing,PENDING
2023-09-15,2023-09-16,1171.86,Serviços de digitalização de documentos,OVERDUE
2023-09-16,2023-09-17,329.88,Atualização de software,OVERDUE
2023-09-17,2023-09-18,206.84,Serviços de fotografia,OVERDUE
2023-09-18,2023-09-19,774.19,Despesas com melhorias de infraestrutura,PAID
2023-09-19,2023-09-20,695.83,Serviços de monitoramento de alarmes,OVERDUE
2023-09-20,2023-09-21,1380.43,Despesas de viagem,PENDING
2023-09-21,2023-09-22,628.18,Aluguel do escritório,OVERDUE
2023-09-22,2023-09-23,544.85,Pagamento de impostos,OVERDUE
2023-09-23,2023-09-24,1422.05,Serviços de paisagismo,PAID
2023-09-24,2023-09-25,1296.29,Serviços jurídicos,PENDING
2023-09-25,2023-09-26,689.6,Compra de hardware,PAID
2023-09-26,2023-09-27,140.88,Serviços jurídicos,OVERDUE
2023-09-27,2023-09-28,410.64,Consultoria financeira,PAID
2023-09-28,2023-09-29,106.6,Serviços de transporte,OVERDUE
2023-09-29,2023-09-30,1169.42,Consultoria estratégica,OVERDUE
2023-09-30,2023-10-01,135.22,Serviços de manutenção predial,PENDING
2023-10-01,2023-10-02,183.82,Serviços de telecomunicações,PAID
2023-10-02,2023-10-03,808.97,Compra de materiais,OVERDUE
2023-10-03,2023-10-04,778.67,Serviços de consultoria ambiental,PAID
2023-10-04,2023-10-05,840.3,Marketing e publicidade,PAID
2023-10-05,2023-10-06,208.42,Serviços jurídicos,PAID
2023-10-06,2023-10-07,1273.16,Despesas com eventos,PAID
2023-10-07,2023-10-08,159.22,Serviços de contabilidade,PENDING
2023-10-08,2023-10-09,908.25,Serviços de manutenção predial,PAID
2023-10-09,2023-10-10,1297.86,Serviços de consultoria ambiental,PENDING
2023-10-10,2023-10-11,435.14,Despesas com melhorias de infraestrutura,PAID
2023-10-11,2023-10-12,1002.71,Serviços de contabilidade,OVERDUE
2023-10-12,2023-10-13,907.2,Compra de hardware,PENDING
2023-10-13,2023-10-14,661.29,Serviços de limpeza de janelas,OVERDUE
2023-10-14,2023-10-15,1162.7,Serviços de manutenção predial,OVERDUE
2023-10-15,2023-10-16,1199.81,Serviços de impressão,OVERDUE
2023-10-16,2023-10-17,1049.9,Despesas administrativas,OVERDUE
2023-10-17,2023-10-18,1151.5,Licenciamento de software,OVERDUE
2023-10-18,2023-10-19,1494.66,Consultoria em RH,PAID
2023-10-19,2023-10-20,1104.32,Serviços de assistência técnica,PAID
2023-10-20,2023-10-21,380.53,Serviços de tradução,PENDING
2023-10-21,2023-10-22,752.08,Serviços de limpeza de janelas,PENDING
2023-10-22,2023-10-23,498.61,Serviços de tradução,PENDING
2023-10-23,2023-10-24,237.26,Serviços de desenvolvimento web,OVERDUE
2023-10-24,2023-10-25,1230.84,Serviços de jardinagem,PAID
2023-10-25,2023-10-26,105.93,Serviços de assistência técnica,PAID
2023-10-26,2023-10-27,550.02,Compra de suprimentos,PAID
2023-10-27,2023-10-28,1305.85,Serviços de tradução,PAID
2023-10-28,2023-10-29,191.29,Atualização de software,OVERDUE
2023-10-29,2023-10-30,228.65,Serviços de saúde ocupacional,PAID
2023-10-30,2023-10-31,573.73,Serviços de backup,PAID
2023-10-31,2023-11-01,246.19,Despesas de alimentação,OVERDUE
2023-11-01,2023-11-02,308.91,Compra de software,OVERDUE
2023-11-02,2023-11-03,369.82,Compra de uniformes,PAID
2023-11-03,2023-11-04,905.21,Despesa com correios,PENDING
2023-11-04,2023-11-05,1017.43,Serviços de impressão,PENDING
2023-11-05,2023-11-06,756.49,Serviços de recuperação de desastres,OVERDUE
2023-11-06,2023-11-07,1471.45,Reparos de emergência,PENDING
2023-11-07,2023-11-08,54.96,Licenciamento de software,OVERDUE
2023-11-08,2023-11-09,158.62,Serviços de contabilidade,PENDING
2023-11-09,2023-11-10,862.58,Treinamento de funcionários,PENDING
2023-11-10,2023-11-11,335.94,Despesas de alimentação,PAID
2023-11-11,2023-11-12,854.83,Consultoria em TI,PAID
2023-11-12,2023-11-13,959.69,Serviços de consultoria em sustentabilidade,PENDING
2023-11-13,2023-11-14,911.23,Manutenção de TI,OVERDUE
2023-11-14,2023-11-15,182.13,Licenciamento de software,OVERDUE
2023-11-15,2023-11-16,1329.98,Despesas de alimentação,PAID
2023-11-16,2023-11-17,294.45,Reparos de emergência,PENDING
2023-11-17,2023-11-18,593.37,Serviços de contabilidade,PENDING
2023-11-18,2023-11-19,903.26,Aluguel do escritório,PAID
2023-11-19,2023-11-20,882.89,Hospedagem de sites,OVERDUE
2023-11-20,2023-11-21,82.05,Licenciamento de software,PAID
2023-11-21,2023-11-22,1148.9,Despesa com treinamento,OVERDUE
2023-11-22,2023-11-23,201.76,Despesas de alimentação,PAID
2023-11-23,2023-11-24,524.64,Despesa com correios,OVERDUE
2023-11-24,2023-11-25,1135.18,Aluguel do escritório,PAID
2023-11-25,2023-11-26,1376.1,Contratação de mão de obra,PAID
2023-11-26,2023-11-27,1000.92,Serviços de limpeza de janelas,PENDING
2023-11-27,2023-11-28,921.25,Treinamento de funcionários,PAID
2023-11-28,2023-11-29,1233.88,Serviços jurídicos,PENDING
2023-11-29,2023-11-30,944.55,Aluguel do escritório,OVERDUE
2023-11-30,2023-12-01,1239.04,Pagamento de impostos,PENDING
2023-12-01,2023-12-02,923.39,Pagamento de impostos,PAID
2023-12-02,2023-12-03,1122.12,Despesas administrativas,PENDING
2023-12-03,2023-12-04,412.92,Serviços de paisagismo,PAID
2023-12-04,2023-12-05,590.69,Despesas administrativas,PAID
2023-12-05,2023-12-06,88.6,Serviços de segurança,PENDING
2023-12-06,2023-12-07,384.41,Participação em feiras,OVERDUE
2023-12-07,2023-12-08,1468.04,Serviço de limpeza,PENDING
2023-12-08,2023-12-09,461.43,Serviços de suporte ao cliente,OVERDUE
2023-12-09,2023-12-10,1242.31,Serviços de impressão,OVERDUE
2023-12-10,2023-12-11,881.17,Serviço de limpeza,PAID
2023-12-11,2023-12-12,344.55,Serviços de backup,PENDING
2023-12-12,2023-12-13,1492.54,Serviços de telecomunicações,OVERDUE
2023-12-13,2023-12-14,62.12,Serviços de consultoria ambiental,PENDING
2023-12-14,2023-12-15,1185.89,Compra de materiais,PENDING
2023-12-15,2023-12-16,983.07,Serviços de transporte,OVERDUE
2023-12-16,2023-12-17,1393.68,Manutenção de TI,PENDING
2023-12-17,2023-12-18,1361.47,Serviços de tradução,OVERDUE
2023-12-18,2023-12-19,660.51,Compra de software,PAID
2023-12-19,2023-12-20,91.5,Serviços de tradução,OVERDUE
2023-12-20,2023-12-21,770.18,Serviços de auditoria,PAID
2023-12-21,2023-12-22,1161.42,Serviços de fotografia,PAID
2023-12-22,2023-12-23,482.51,Compra de software,PENDING
2023-12-23,2023-12-24,641.62,Despesas de alimentação,OVERDUE
2023-12-24,2023-12-25,278.16,Pagamento de serviços públicos,PENDING
2023-12-25,2023-12-26,847.39,Serviço de consultoria,PAID
2023-12-26,2023-12-27,567.51,Assinatura de revistas técnicas,PAID
2023-12-27,2023-12-28,313.86,Serviços de telecomunicações,OVERDUE
2023-12-28,2023-12-29,456.95,Serviços de consultoria ambiental,PAID
2023-12-29,2023-12-30,686.33,Compra de uniformes,PAID
2023-12-30,2023-12-31,164.65,Serviços de design gráfico,PAID
2023-12-31,2024-01-01,785.35,Serviços de consultoria em sustentabilidade,PENDING
2024-01-01,2024-01-02,841.34,Serviços de consultoria ambiental,PAID
2024-01-02,2024-01-03,437.77,Compra de equipamentos de proteção,PAID
2024-01-03,2024-01-04,1017.94,Serviços de limpeza de janelas,OVERDUE
2024-01-04,2024-01-05,469.86,Despesas com melhorias de infraestrutura,OVERDUE
2024-01-05,2024-01-06,809.67,Despesas de alimentação,OVERDUE
2024-01-06,2024-01-07,1220.58,Marketing e publicidade,PAID
2024-01-07,2024-01-08,1393.44,Compra de software,PENDING
2024-01-08,2024-01-09,861.54,Serviços de manutenção predial,OVERDUE
2024-01-09,2024-01-10,1136.01,Licenciamento de software,PENDING
2024-01-10,2024-01-11,771.8,Serviços de backup,PENDING
2024-01-11,2024-01-12,510.28,Compra de hardware,PAID
2024-01-12,2024-01-13,568.83,Consultoria estratégica,OVERDUE
2024-01-13,2024-01-14,279.42,Seguro empresarial,PAID
2024-01-14,2024-01-15,1449.8,Compra de hardware,OVERDUE
2024-01-15,2024-01-16,675.3,Despesas com certificações,OVERDUE
2024-01-16,2024-01-17,489.62,Serviços de assistência técnica,OVERDUE
2024-01-17,2024-01-18,845.25,Serviços de coaching,OVERDUE
2024-01-18,2024-01-19,306.49,Serviço de limpeza,PENDING
2024-01-19,2024-01-20,188.42,Assinatura de revistas técnicas,PENDING
2024-01-20,2024-01-21,513.37,Serviços de backup,PENDING
2024-01-21,2024-01-22,987.43,Serviços de design gráfico,OVERDUE
2024-01-22,2024-01-23,183.7,Licenciamento de software,PENDING
2024-01-23,2024-01-24,211.02,Consultoria financeira,OVERDUE
2024-01-24,2024-01-25,1053.59,Serviços de telecomunicações,PENDING
2024-01-25,2024-01-26,701.78,Serviços de monitoramento de alarmes,OVERDUE
2024-01-26,2024-01-27,1166.14,Serviços de tradução,PENDING
2024-01-27,2024-01-28,212.68,Serviços de consultoria em sustentabilidade,OVERDUE
2024-01-28,2024-01-29,567.01,Despesas de viagem,PAID
2024-01-29,2024-01-30,1478.91,Pagamento de serviços públicos,OVERDUE
2024-01-30,2024-01-31,225.98,Compra de materiais,PENDING
2024-01-31,2024-02-01,1116.24,Atualização de software,PENDING
2024-02-01,2024-02-02,535.82,Serviços de reciclagem,OVERDUE
2024-02-02,2024-02-03,570.03,Reparos de emergência,OVERDUE
2024-02-03,2024-02-04,1270.41,Consultoria estratégica,PAID
2024-02-04,2024-02-05,460.89,Serviços de tradução,PAID
2024-02-05,2024-02-06,854.73,Compra de hardware,PAID
2024-02-06,2024-02-07,810.5,Serviços de recuperação de desastres,PAID
2024-02-07,2024-02-08,1388.21,Compra de suprimentos,PAID
2024-02-08,2024-02-09,1445.12,Despesas com eventos,OVERDUE
2024-02-09,2024-02-10,378.75,Serviços de manutenção predial,OVERDUE
2024-02-10,2024-02-11,869.06,Treinamento de funcionários,PAID
2024-02-11,2024-02-12,166.19,Serviço de consultoria,PENDING
2024-02-12,2024-02-13,911.34,Serviços de digitalização de documentos,PENDING
2024-02-13,2024-02-14,648.77,Serviços de segurança,PENDING
2024-02-14,2024-02-15,847.37,Serviços de inspeção,PENDING
2024-02-15,2024-02-16,99.72,Seguro empresarial,PENDING
2024-02-16,2024-02-17,844.76,Consultoria estratégica,PAID
2024-02-17,2024-02-18,1281.81,Despesas administrativas,OVERDUE
2024-02-18,2024-02-19,75.49,Serviço de consultoria,PAID
2024-02-19,2024-02-20,1445.05,Compra de suprimentos,OVERDUE
2024-02-20,2024-02-21,355.28,Consultoria financeira,OVERDUE
2024-02-21,2024-02-22,513.16,Consultoria em RH,OVERDUE
2024-02-22,2024-02-23,341.55,Compra de software,PENDING
2024-02-23,2024-02-24,1484.09,Manutenção de equipamentos,PAID
2024-02-24,2024-02-25,1375.37,Compra de hardware,OVERDUE
2024-02-25,2024-02-26,446.87,Serviços de limpeza de janelas,OVERDUE
2024-02-26,2024-02-27,1217.13,Licenciamento de software,OVERDUE
2024-02-27,2024-02-28,657.28,Serviços de consultoria ambiental,OVERDUE
2024-02-28,2024-02-29,325.04,Serviços de design gráfico,OVERDUE
2024-02-29,2024-03-01,116.27,Treinamento de funcionários,PENDING
2024-03-01,2024-03-02,1489.49,Serviços de auditoria,PENDING
2024-03-02,2024-03-03,1481.28,Manutenção de veículos,OVERDUE
2024-03-03,2024-03-04,535.53,Serviços de auditoria,PENDING
2024-03-04,2024-03-05,154.92,Despesas com softwares de produtividade,OVERDUE
2024-03-05,2024-03-06,870.12,Despesas com softwares de produtividade,OVERDUE
2024-03-06,2024-03-07,703.34,Serviços de design gráfico,PAID
2024-03-07,2024-03-08,1024.85,Serviços de digitalização de documentos,OVERDUE
2024-03-08,2024-03-09,1369.56,Serviço de limpeza,PAID
2024-03-09,2024-03-10,90.95,Serviço de limpeza,OVERDUE
2024-03-10,2024-03-11,556.33,Serviços de limpeza de janelas,PAID
2024-03-11,2024-03-12,1070.22,Consultoria em RH,OVERDUE
2024-03-12,2024-03-13,485.26,Serviços de monitoramento de alarmes,PAID
2024-03-13,2024-03-14,1231.46,Serviços de segurança,OVERDUE
2024-03-14,2024-03-15,118.25,Despesas de alimentação,PENDING
2024-03-15,2024-03-16,1342.58,Despesas com cloud computing,PENDING
2024-03-16,2024-03-17,1424.23,Serviços de consultoria ambiental,PAID
2024-03-17,2024-03-18,1144.2,Despesas com certificações,PAID
2024-03-18,2024-03-19,1267.29,Treinamento de funcionários,PENDING
2024-03-19,2024-03-20,944.05,Licenciamento de software,PAID
2024-03-20,2024-03-21,1449.01,Pagamento de fornecedores,OVERDUE
2024-03-21,2024-03-22,935.96,Serviços de consultoria em sustentabilidade,PAID
2024-03-22,2024-03-23,1106.7,Despesas com eventos,OVERDUE
2024-03-23,2024-03-24,1194.86,Pagamento de serviços públicos,PAID
2024-03-24,2024-03-25,950.84,Serviço de limpeza,PENDING
2024-03-25,2024-03-26,670.96,Pagamento de serviços públicos,OVERDUE
2024-03-26,2024-03-27,489.18,Pagamento de serviços públicos,PENDING
2024-03-27,2024-03-28,988.42,Serviços de consultoria ambiental,PENDING
2024-03-28,2024-03-29,1421.37,Despesas de viagem,PAID
2024-03-29,2024-03-30,664.65,Pagamento de serviços públicos,PENDING
2024-03-30,2024-03-31,1131.7,Despesas de viagem,OVERDUE
2024-03-31,2024-04-01,650.74,Compra de mobiliário,OVERDUE
2024-04-01,2024-04-02,137.49,Serviços de recuperação de desastres,PAID
2024-04-02,2024-04-03,186.74,Serviços de fotografia,PAID
2024-04-03,2024-04-04,1257.23,Pagamento de serviços públicos,OVERDUE
2024-04-04,2024-04-05,460.51,Despesa com correios,OVERDUE
2024-04-05,2024-04-06,1301.34,Serviços de reciclagem,PAID
2024-04-06,2024-04-07,172.83,Treinamento de funcionários,PAID
2024-04-07,2024-04-08,308.2,Despesas com melhorias de infraestrutura,PENDING
2024-04-08,2024-04-09,427.0,Serviços de segurança,PAID
2024-04-09,2024-04-10,989.78,Licenciamento de software,OVERDUE
2024-04-10,2024-04-11,1126.66,Serviços de consultoria em sustentabilidade,OVERDUE
2024-04-11,2024-04-12,896.98,Manutenção de veículos,PENDING
2024-04-12,2024-04-13,298.01,Despesas com transporte de cargas,OVERDUE
2024-04-13,2024-04-14,486.15,Serviços jurídicos,OVERDUE
2024-04-14,2024-04-15,98.59,Serviços de monitoramento de alarmes,OVERDUE
2024-04-15,2024-04-16,1400.7,Serviços de paisagismo,PAID
2024-04-16,2024-04-17,928.65,Treinamento de funcionários,OVERDUE
2024-04-17,2024-04-18,237.5,Serviços jurídicos,PENDING
2024-04-18,2024-04-19,1273.05,Consultoria em TI,OVERDUE
2024-04-19,2024-04-20,142.72,Consultoria estratégica,OVERDUE
2024-04-20,2024-04-21,331.72,Consultoria financeira,OVERDUE
2024-04-21,2024-04-22,676.66,Serviços jurídicos,PAID
2024-04-22,2024-04-23,1264.04,Serviços de consultoria em sustentabilidade,PENDING
2024-04-23,2024-04-24,756.37,Serviços de coaching,PAID
2024-04-24,2024-04-25,657.24,Compra de materiais,PENDING
2024-04-25,2024-04-26,1134.84,Serviços de auditoria,PAID
2024-04-26,2024-04-27,299.62,Serviços de telecomunicações,PENDING
2024-04-27,2024-04-28,934.59,Hospedagem de sites,PAID
2024-04-28,2024-04-29,739.8,Compra de uniformes,PENDING
2024-04-29,2024-04-30,210.9,Pagamento de impostos,PENDING
2024-04-30,2024-05-01,1382.4,Serviços jurídicos,PENDING
2024-05-01,2024-05-02,1065.67,Pagamento de impostos,PENDING
2024-05-02,2024-05-03,189.25,Serviços jurídicos,OVERDUE
2024-05-03,2024-05-04,1191.76,Serviços de backup,OVERDUE
2024-05-04,2024-05-05,594.98,Consultoria estratégica,OVERDUE
2024-05-05,2024-05-06,490.15,Compra de suprimentos,PENDING
2024-05-06,2024-05-07,999.91,Atualização de software,OVERDUE
2024-05-07,2024-05-08,480.32,Treinamento de funcionários,PENDING
2024-05-08,2024-05-09,323.51,Serviços de design gráfico,PAID
2024-05-09,2024-05-10,629.45,Treinamento de funcionários,PENDING
2024-05-10,2024-05-11,782.86,Serviços de manutenção predial,PENDING
2024-05-11,2024-05-12,796.43,Pagamento de serviços públicos,PENDING
2024-05-12,2024-05-13,276.41,Serviços de segurança,PENDING
2024-05-13,2024-05-14,1403.31,Serviços de suporte ao cliente,OVERDUE
2024-05-14,2024-05-15,105.22,Despesa com treinamento,PENDING
2024-05-15,2024-05-16,66.88,Compra de equipamentos de proteção,OVERDUE
2024-05-16,2024-05-17,659.03,Pagamento de serviços públicos,PAID
2024-05-17,2024-05-18,107.54,Serviço de consultoria,OVERDUE
2024-05-18,2024-05-19,1371.94,Compra de materiais,PAID
2024-05-19,2024-05-20,651.64,Pagamento de fornecedores,PAID
2024-05-20,2024-05-21,201.51,Pagamento de serviços públicos,OVERDUE
2024-05-21,2024-05-22,718.84,Marketing e publicidade,PENDING
2024-05-22,2024-05-23,1427.29,Serviços de desenvolvimento web,OVERDUE
2024-05-23,2024-05-24,1294.24,Atualização de software,PAID
2024-05-24,2024-05-25,334.96,Serviços de contabilidade,PAID
2024-05-25,2024-05-26,1296.68,Serviço de limpeza,OVERDUE
2024-05-26,2024-05-27,1182.34,Consultoria estratégica,PENDING
2024-05-27,2024-05-28,1376.87,Serviços de assistência técnica,PENDING
2024-05-28,2024-05-29,1243.53,Consultoria financeira,PAID
2024-05-29,2024-05-30,1290.6,Serviços de design gráfico,PENDING
2024-05-30,2024-05-31,1259.32,Compra de software,PENDING
2024-05-31,2024-06-01,66.81,Compra de materiais,PAID
2024-06-01,2024-06-02,1308.77,Pagamento de serviços públicos,OVERDUE
2024-06-02,2024-06-03,1227.87,Serviços de manutenção predial,PAID
2024-06-03,2024-06-04,295.48,Serviços de consultoria em sustentabilidade,OVERDUE
2024-06-04,2024-06-05,1427.65,Serviços de auditoria,PAID
2024-06-05,2024-06-06,1063.02,Despesas de viagem,OVERDUE
2024-06-06,2024-06-07,1417.0,Compra de materiais,PAID
2024-06-07,2024-06-08,1257.37,Reparos de emergência,PAID
2024-06-08,2024-06-09,796.08,Pagamento de serviços públicos,PAID
2024-06-09,2024-06-10,236.68,Serviços de paisagismo,OVERDUE
2024-06-10,2024-06-11,944.67,Aluguel do escritório,PENDING
2024-06-11,2024-06-12,1029.33,Serviços de jardinagem,OVERDUE
2024-06-12,2024-06-13,870.49,Despesas com certificações,OVERDUE
2024-06-13,2024-06-14,790.48,Serviços de auditoria,PAID
2024-06-14,2024-06-15,965.01,Consultoria estratégica,PENDING
2024-06-15,2024-06-16,1379.11,Serviços de fotografia,OVERDUE
2024-06-16,2024-06-17,1353.97,Serviço de consultoria,PAID
2024-06-17,2024-06-18,939.93,Serviços de desenvolvimento web,OVERDUE
2024-06-18,2024-06-19,438.68,Serviços de consultoria em sustentabilidade,PENDING
2024-06-19,2024-06-20,743.03,Pagamento de serviços públicos,PAID
2024-06-20,2024-06-21,1242.55,Despesas com transporte de cargas,OVERDUE
2024-06-21,2024-06-22,842.94,Serviços de suporte ao cliente,PAID
2024-06-22,2024-06-23,1210.82,Compra de materiais,PAID
2024-06-23,2024-06-24,144.98,Serviços de digitalização de documentos,OVERDUE
2024-06-24,2024-06-25,1098.23,Despesas com cloud computing,PENDING
2024-06-25,2024-06-26,1278.45,Contratação de mão de obra,PENDING
2024-06-26,2024-06-27,1095.56,Serviços de consultoria ambiental,PENDING
2024-06-27,2024-06-28,61.99,Pagamento de serviços públicos,OVERDUE
2024-06-28,2024-06-29,788.07,Manutenção de TI,PAID
2024-06-29,2024-06-30,1457.25,Manutenção de equipamentos,PAID
2024-06-30,2024-07-01,151.01,Pagamento de fornecedores,OVERDUE
2024-07-01,2024-07-02,1287.19,Compra de equipamentos de proteção,PAID
2024-07-02,2024-07-03,407.71,Despesas de viagem,PENDING
2024-07-03,2024-07-04,1491.43,Despesas com cloud computing,OVERDUE
2024-07-04,2024-07-05,161.4,Assinatura de revistas técnicas,PENDING
2024-07-05,2024-07-06,325.58,Consultoria em RH,OVERDUE
2024-07-06,2024-07-07,1091.5,Despesa com treinamento,PENDING
2024-07-07,2024-07-08,1099.33,Serviço de armazenamento,PENDING
2024-07-08,2024-07-09,358.83,Despesa com treinamento,OVERDUE
2024-07-09,2024-07-10,994.06,Serviços de suporte ao cliente,PAID
2024-07-10,2024-07-11,1194.51,Serviço de consultoria,PENDING
2024-07-11,2024-07-12,1496.19,Serviços de auditoria,PAID
2024-07-12,2024-07-13,558.85,Serviços de tradução,OVERDUE
2024-07-13,2024-07-14,1325.38,Pagamento de fornecedores,PAID
2024-07-14,2024-07-15,81.29,Compra de materiais,PENDING
2024-07-15,2024-07-16,291.84,Consultoria em TI,PENDING
2024-07-16,2024-07-17,259.33,Treinamento de funcionários,PAID
2024-07-17,2024-07-18,1319.35,Serviço de limpeza,PAID
2024-07-18,2024-07-19,153.75,Serviços de auditoria,OVERDUE
2024-07-19,2024-07-20,232.71,Despesas de alimentação,PAID
2024-07-20,2024-07-21,620.2,Compra de suprimentos,OVERDUE
2024-07-21,2024-07-22,1432.12,Manutenção de TI,OVERDUE
2024-07-22,2024-07-23,319.38,Serviços de telecomunicações,PAID
2024-07-23,2024-07-24,1081.75,Compra de software,PAID
2024-07-24,2024-07-25,648.53,Atualização de software,PAID
2024-07-25,2024-07-26,1320.12,Serviço de limpeza,PAID
2024-07-26,2024-07-27,707.52,Treinamento de funcionários,OVERDUE
2024-07-27,2024-07-28,378.04,Compra de materiais,PAID
2024-07-28,2024-07-29,358.53,Serviços de manutenção predial,OVERDUE
2024-07-29,2024-07-30,1444.45,Consultoria em RH,PENDING
2024-07-30,2024-07-31,970.31,Despesas com eventos,PENDING
2024-07-31,2024-08-01,926.84,Serviços de assistência técnica,OVERDUE
2024-08-01,2024-08-02,1477.01,Compra de suprimentos,OVERDUE
2024-08-02,2024-08-03,185.93,Serviço de armazenamento,PENDING
2024-08-03,2024-08-04,1099.69,Serviços de impressão,PAID
2024-08-04,2024-08-05,271.85,Compra de materiais,PAID
2024-08-05,2024-08-06,392.08,Consultoria financeira,PAID
2024-08-06,2024-08-07,801.09,Compra de hardware,PENDING
2024-08-07,2024-08-08,1327.14,Serviços de manutenção predial,PAID
2024-08-08,2024-08-09,650.7,Compra de software,PAID
2024-08-09,2024-08-10,1158.16,Serviços de tradução,OVERDUE
2024-08-10,2024-08-11,302.1,Serviços de assistência técnica,PENDING
2024-08-11,2024-08-12,587.47,Serviços de manutenção predial,PENDING
2024-08-12,2024-08-13,1323.07,Treinamento de funcionários,PENDING
2024-08-13,2024-08-14,414.62,Despesas com cloud computing,PENDING
2024-08-14,2024-08-15,355.32,Serviços de assistência técnica,OVERDUE
2024-08-15,2024-08-16,1134.29,Reparos de emergência,OVERDUE
2024-08-16,2024-08-17,569.18,Consultoria em TI,OVERDUE
2024-08-17,2024-08-18,495.73,Assinatura de revistas técnicas,PENDING
2024-08-18,2024-08-19,423.23,Consultoria em TI,PAID
2024-08-19,2024-08-20,441.36,Pagamento de serviços públicos,PAID
2024-08-20,2024-08-21,597.53,Serviços de auditoria,OVERDUE
2024-08-21,2024-08-22,1257.35,Despesas com cloud computing,PENDING
2024-08-22,2024-08-23,627.95,Despesas de viagem,PENDING
2024-08-23,2024-08-24,400.79,Hospedagem de sites,PENDING
2024-08-24,2024-08-25,99.33,Seguro empresarial,OVERDUE
2024-08-25,2024-08-26,916.99,Compra de combustível,PAID
2024-08-26,2024-08-27,280.58,Atualização de software,PENDING
2024-08-27,2024-08-28,896.6,Serviços de limpeza de janelas,PENDING
2024-08-28,2024-08-29,418.4,Serviços de consultoria em sustentabilidade,PAID
2024-08-29,2024-08-30,893.49,Serviço de consultoria,PENDING
2024-08-30,2024-08-31,1075.16,Compra de uniformes,PAID
2024-08-31,2024-09-01,423.06,Manutenção de veículos,OVERDUE
2024-09-01,2024-09-02,1050.17,Serviços de saúde ocupacional,PENDING
2024-09-02,2024-09-03,710.97,Serviço de consultoria,PENDING
2024-09-03,2024-09-04,962.1,Participação em feiras,OVERDUE
2024-09-04,2024-09-05,381.54,Serviços de limpeza de janelas,OVERDUE
2024-09-05,2024-09-06,1007.7,Compra de suprimentos,OVERDUE
2024-09-06,2024-09-07,872.19,Licenciamento de software,OVERDUE
2024-09-07,2024-09-08,845.09,Despesas de viagem,OVERDUE
2024-09-08,2024-09-09,982.07,Serviços de auditoria,OVERDUE
2024-09-09,2024-09-10,784.64,Despesas com melhorias de infraestrutura,PAID
2024-09-10,2024-09-11,1140.68,Serviços de assistência técnica,PAID
2024-09-11,2024-09-12,1044.45,Contratação de mão de obra,PAID
2024-09-12,2024-09-13,1186.79,Compra de suprimentos,OVERDUE
2024-09-13,2024-09-14,1425.84,Despesas com cloud computing,PENDING
2024-09-14,2024-09-15,1490.83,Serviços de jardinagem,OVERDUE
2024-09-15,2024-09-16,1331.12,Pagamento de impostos,PENDING
2024-09-16,2024-09-17,594.91,Serviço de limpeza,PAID
2024-09-17,2024-09-18,1466.61,Consultoria em RH,PAID
2024-09-18,2024-09-19,1467.56,Serviços de impressão,OVERDUE
2024-09-19,2024-09-20,213.07,Manutenção de TI,PAID
2024-09-20,2024-09-21,903.83,Despesas com certificações,OVERDUE
2024-09-21,2024-09-22,209.05,Serviços de transporte,PAID
2024-09-22,2024-09-23,1025.63,Marketing e publicidade,OVERDUE
2024-09-23,2024-09-24,426.01,Serviços de telecomunicações,PENDING
2024-09-24,2024-09-25,621.39,Serviços de saúde ocupacional,PAID
2024-09-25,2024-09-26,772.02,Participação em feiras,OVERDUE
2024-09-26,2024-09-27,302.91,Pagamento de fornecedores,PAID
2024-09-27,2024-09-28,115.68,Serviços de digitalização de documentos,PENDING
2024-09-28,2024-09-29,165.15,Serviço de consultoria,OVERDUE
2024-09-29,2024-09-30,984.06,Contratação de mão de obra,PENDING
2024-09-30,2024-10-01,935.81,Compra de combustível,OVERDUE
2024-10-01,2024-10-02,764.78,Licenciamento de software,PAID
2024-10-02,2024-10-03,934.68,Serviços de digitalização de documentos,PAID
2024-10-03,2024-10-04,835.56,Consultoria estratégica,PAID
2024-10-04,2024-10-05,427.02,Serviço de limpeza,OVERDUE
2024-10-05,2024-10-06,1014.09,Manutenção de veículos,OVERDUE
2024-10-06,2024-10-07,511.21,Serviços de assistência técnica,PENDING
2024-10-07,2024-10-08,235.91,Consultoria financeira,PENDING
2024-10-08,2024-10-09,194.16,Despesas com eventos,PENDING
2024-10-09,2024-10-10,1354.96,Participação em feiras,PENDING
2024-10-10,2024-10-11,858.16,Contratação de mão de obra,OVERDUE
2024-10-11,2024-10-12,196.5,Serviços de segurança,PENDING
2024-10-12,2024-10-13,590.38,Pagamento de fornecedores,OVERDUE
2024-10-13,2024-10-14,186.11,Compra de software,PAID
2024-10-14,2024-10-15,707.6,Serviço de consultoria,OVERDUE
2024-10-15,2024-10-16,1197.73,Despesas com eventos,OVERDUE
2024-10-16,2024-10-17,717.75,Serviços de auditoria,PENDING
2024-10-17,2024-10-18,353.3,Serviços de impressão,PAID
2024-10-18,2024-10-19,138.93,Serviços de fotografia,PENDING
2024-10-19,2024-10-20,931.68,Serviços de consultoria ambiental,PAID
2024-10-20,2024-10-21,552.37,Seguro empresarial,PENDING
2024-10-21,2024-10-22,739.01,Serviço de limpeza,PAID
2024-10-22,2024-10-23,1396.36,Serviços de monitoramento de alarmes,PENDING
2024-10-23,2024-10-24,1075.49,Serviços de tradução,PAID
2024-10-24,2024-10-25,753.24,Serviços de desenvolvimento web,PENDING
2024-10-25,2024-10-26,1353.58,Serviços de manutenção predial,PENDING
2024-10-26,2024-10-27,113.67,Participação em feiras,PENDING
2024-10-27,2024-10-28,767.53,Despesas com melhorias de infraestrutura,OVERDUE
2024-10-28,2024-10-29,960.54,Serviços de paisagismo,PENDING
2024-10-29,2024-10-30,476.83,Manutenção de veículos,OVERDUE
2024-10-30,2024-10-31,449.03,Serviço de consultoria,PENDING
2024-10-31,2024-11-01,1316.67,Serviços de impressão,PAID
2024-11-01,2024-11-02,1387.07,Serviços de backup,PENDING
2024-11-02,2024-11-03,671.29,Participação em feiras,PENDING
2024-11-03,2024-11-04,714.22,Serviços de inspeção,PAID
2024-11-04,2024-11-05,1463.42,Serviços de consultoria em sustentabilidade,OVERDUE
2024-11-05,2024-11-06,698.06,Consultoria em RH,PAID
2024-11-06,2024-11-07,1340.61,Serviços de tradução,PAID
2024-11-07,2024-11-08,1324.55,Serviços de coaching,PAID
2024-11-08,2024-11-09,602.91,Reparos de emergência,PENDING
2024-11-09,2024-11-10,512.6,Despesas com cloud computing,PENDING
2024-11-10,2024-11-11,897.37,Compra de hardware,PAID
2024-11-11,2024-11-12,498.71,Assinatura de revistas técnicas,OVERDUE
2024-11-12,2024-11-13,693.26,Serviços de reciclagem,OVERDUE
2024-11-13,2024-11-14,1373.04,Serviços de telecomunicações,OVERDUE
2024-11-14,2024-11-15,759.38,Serviços de telecomunicações,PAID
2024-11-15,2024-11-16,813.06,Serviços de desenvolvimento web,PENDING
2024-11-16,2024-11-17,281.93,Despesas com melhorias de infraestrutura,PAID
2024-11-17,2024-11-18,803.18,Compra de software,PENDING
2024-11-18,2024-11-19,1033.33,Compra de combustível,PAID
2024-11-19,2024-11-20,512.06,Consultoria em TI,OVERDUE
2024-11-20,2024-11-21,580.15,Consultoria em TI,OVERDUE
2024-11-21,2024-11-22,1380.99,Serviços de recuperação de desastres,PENDING
2024-11-22,2024-11-23,1353.05,Serviços de design gráfico,PENDING
2024-11-23,2024-11-24,1010.8,Consultoria financeira,OVERDUE
2024-11-24,2024-11-25,595.2,Compra de combustível,OVERDUE
2024-11-25,2024-11-26,258.6,Compra de equipamentos de proteção,PAID
2024-11-26,2024-11-27,1319.22,Serviços de contabilidade,PAID
2024-11-27,2024-11-28,462.46,Manutenção de equipamentos,OVERDUE
2024-11-28,2024-11-29,603.88,Despesas com melhorias de infraestrutura,PAID
2024-11-29,2024-11-30,1326.17,Serviços de design gráfico,OVERDUE
2024-11-30,2024-12-01,610.09,Serviços de jardinagem,PAID
2024-12-01,2024-12-02,988.22,Consultoria estratégica,PAID
2024-12-02,2024-12-03,151.66,Serviços de recuperação de desastres,PENDING
2024-12-03,2024-12-04,1482.13,Assinatura de revistas técnicas,PENDING
2024-12-04,2024-12-05,1263.31,Despesas administrativas,PENDING
2024-12-05,2024-12-06,1234.2,Hospedagem de sites,OVERDUE
2024-12-06,2024-12-07,230.0,Serviços de segurança,PAID
2024-12-07,2024-12-08,285.18,Serviços de consultoria ambiental,PENDING
2024-12-08,2024-12-09,807.6,Serviços de design gráfico,PAID
2024-12-09,2024-12-10,389.86,Serviço de armazenamento,PAID
2024-12-10,2024-12-11,94.83,Pagamento de impostos,PAID
2024-12-11,2024-12-12,1127.94,Serviços de coaching,OVERDUE
2024-12-12,2024-12-13,924.55,Compra de software,OVERDUE
2024-12-13,2024-12-14,1044.74,Serviços de reciclagem,PENDING
2024-12-14,2024-12-15,716.0,Treinamento de funcionários,PAID
2024-12-15,2024-12-16,980.17,Despesas com transporte de cargas,OVERDUE
2024-12-16,2024-12-17,201.54,Contratação de mão de obra,OVERDUE
2024-12-17,2024-12-18,483.19,Participação em feiras,OVERDUE
2024-12-18,2024-12-19,569.91,Manutenção de equipamentos,PENDING
2024-12-19,2024-12-20,925.54,Serviços de contabilidade,PENDING
2024-12-20,2024-12-21,1171.37,Serviços de design gráfico,PAID
2024-12-21,2024-12-22,1179.82,Serviços de paisagismo,OVERDUE
2024-12-22,2024-12-23,1403.49,Serviços de recuperação de desastres,PAID
2024-12-23,2024-12-24,854.0,Contratação de mão de obra,OVERDUE
2024-12-24,2024-12-25,1432.08,Compra de uniformes,OVERDUE
2024-12-25,2024-12-26,1080.14,Contratação de mão de obra,PENDING
2024-12-26,2024-12-27,1470.06,Serviços de impressão,PAID
2024-12-27,2024-12-28,184.93,Serviço de consultoria,OVERDUE
2024-12-28,2024-12-29,633.48,Serviços de limpeza de janelas,PAID
2024-12-29,2024-12-30,997.71,Serviços de design gráfico,OVERDUE
2024-12-30,2024-12-31,706.28,Pagamento de impostos,PENDING
2024-12-31,2025-01-01,523.04,Serviços de manutenção predial,PENDING
2025-01-01,2025-01-02,144.31,Serviços de desenvolvimento web,PAID
2025-01-02,2025-01-03,1464.33,Serviços de telecomunicações,OVERDUE
2025-01-03,2025-01-04,1340.23,Consultoria em RH,OVERDUE
2025-01-04,2025-01-05,195.88,Serviços de assistência técnica,OVERDUE
2025-01-05,2025-01-06,575.29,Despesa com treinamento,PENDING
2025-01-06,2025-01-07,128.28,Serviços de recuperação de desastres,PAID
2025-01-07,2025-01-08,636.93,Serviços de reciclagem,PENDING
2025-01-08,2025-01-09,573.93,Consultoria financeira,PAID
2025-01-09,2025-01-10,1266.0,Serviços de recuperação de desastres,PAID
2025-01-10,2025-01-11,262.79,Manutenção de veículos,PAID
2025-01-11,2025-01-12,684.24,Serviços de digitalização de documentos,PAID
2025-01-12,2025-01-13,1354.33,Serviços de telecomunicações,PENDING
2025-01-13,2025-01-14,462.27,Serviço de limpeza,PENDING
2025-01-14,2025-01-15,995.86,Pagamento de impostos,PENDING
2025-01-15,2025-01-16,1477.41,Atualização de software,OVERDUE
2025-01-16,2025-01-17,337.69,Consultoria estratégica,PENDING
2025-01-17,2025-01-18,311.9,Compra de equipamentos de proteção,OVERDUE
2025-01-18,2025-01-19,125.95,Pagamento de serviços públicos,PAID
2025-01-19,2025-01-20,249.02,Serviços de impressão,OVERDUE
2025-01-20,2025-01-21,1200.84,Serviços de contabilidade,PAID
2025-01-21,2025-01-22,1480.73,Treinamento de funcionários,PAID
2025-01-22,2025-01-23,1160.99,Aluguel do escritório,PAID
2025-01-23,2025-01-24,783.25,Compra de hardware,PAID
2025-01-24,2025-01-25,1282.42,Contratação de mão de obra,OVERDUE
2025-01-25,2025-01-26,425.21,Serviços de transporte,OVERDUE
2025-01-26,2025-01-27,70.99,Serviços de segurança,PAID
2025-01-27,2025-01-28,568.22,Serviços de backup,PAID
2025-01-28,2025-01-29,217.9,Compra de suprimentos,PENDING
2025-01-29,2025-01-30,1334.32,Serviços de monitoramento de alarmes,PAID
2025-01-30,2025-01-31,322.42,Serviços de tradução,OVERDUE
2025-01-31,2025-02-01,500.72,Serviços de limpeza de janelas,PAID
2025-02-01,2025-02-02,620.95,Compra de uniformes,PENDING
2025-02-02,2025-02-03,619.44,Despesas de viagem,PENDING
2025-02-03,2025-02-04,1310.09,Compra de uniformes,PENDING
2025-02-04,2025-02-05,1198.66,Serviços de recuperação de desastres,PAID
2025-02-05,2025-02-06,109.69,Despesas administrativas,PENDING
2025-02-06,2025-02-07,1242.34,Treinamento de funcionários,PAID
2025-02-07,2025-02-08,348.9,Serviços de jardinagem,OVERDUE
2025-02-08,2025-02-09,768.56,Serviços de digitalização de documentos,OVERDUE
2025-02-09,2025-02-10,417.09,Despesa com treinamento,PENDING
2025-02-10,2025-02-11,1078.39,Despesas com cloud computing,OVERDUE
2025-02-11,2025-02-12,867.8,Despesas com transporte de cargas,PAID
2025-02-12,2025-02-13,188.1,Serviços de design gráfico,PENDING
2025-02-13,2025-02-14,231.55,Serviços de manutenção predial,OVERDUE
2025-02-14,2025-02-15,910.14,Treinamento de funcionários,PENDING
2025-02-15,2025-02-16,692.43,Seguro empresarial,PAID
2025-02-16,2025-02-17,1016.18,Consultoria em RH,PAID
2025-02-17,2025-02-18,829.17,Consultoria em RH,OVERDUE
2025-02-18,2025-02-19,1404.18,Serviços de auditoria,PENDING
2025-02-19,2025-02-20,904.6,Consultoria em TI,PAID
2025-02-20,2025-02-21,556.3,Serviços de desenvolvimento web,PAID
2025-02-21,2025-02-22,1323.17,Despesas com softwares de produtividade,PENDING
2025-02-22,2025-02-23,133.36,Serviços de suporte ao cliente,PENDING
2025-02-23,2025-02-24,86.54,Assinatura de revistas técnicas,OVERDUE
2025-02-24,2025-02-25,259.35,Aluguel do escritório,OVERDUE
2025-02-25,2025-02-26,406.96,Pagamento de impostos,OVERDUE
2025-02-26,2025-02-27,141.91,Serviços de fotografia,PAID
2025-02-27,2025-02-28,639.6,Manutenção de equipamentos,PAID
2025-02-28,2025-03-01,1106.32,Serviços de limpeza de janelas,PAID
2025-03-01,2025-03-02,119.82,Compra de hardware,OVERDUE
2025-03-02,2025-03-03,624.6,Consultoria em RH,PAID
2025-03-03,2025-03-04,961.24,Serviços de design gráfico,PAID
2025-03-04,2025-03-05,923.49,Serviços de consultoria ambiental,PENDING
2025-03-05,2025-03-06,1460.6,Consultoria em TI,OVERDUE
2025-03-06,2025-03-07,247.76,Serviços de impressão,OVERDUE
2025-03-07,2025-03-08,849.14,Compra de uniformes,PAID
2025-03-08,2025-03-09,1366.32,Serviços de digitalização de documentos,OVERDUE
2025-03-09,2025-03-10,1354.49,Serviços de paisagismo,PENDING
2025-03-10,2025-03-11,956.0,Despesas com melhorias de infraestrutura,PENDING
2025-03-11,2025-03-12,959.18,Serviços de recuperação de desastres,PENDING
2025-03-12,2025-03-13,509.44,Compra de uniformes,PAID
2025-03-13,2025-03-14,656.59,Serviços jurídicos,PAID
2025-03-14,2025-03-15,413.87,Serviços de recuperação de desastres,PAID
2025-03-15,2025-03-16,540.25,Serviços de segurança,OVERDUE
2025-03-16,2025-03-17,259.55,Aluguel do escritório,PAID
2025-03-17,2025-03-18,1373.0,Serviços de consultoria em sustentabilidade,PENDING
2025-03-18,2025-03-19,960.09,Serviços de transporte,PENDING
2025-03-19,2025-03-20,682.21,Assinatura de revistas técnicas,PENDING
2025-03-20,2025-03-21,1019.66,Compra de uniformes,PENDING
2025-03-21,2025-03-22,85.18,Serviços de coaching,OVERDUE
2025-03-22,2025-03-23,1370.41,Serviços de segurança,PAID
2025-03-23,2025-03-24,952.19,Serviços de backup,PAID
2025-03-24,2025-03-25,550.72,Serviços jurídicos,OVERDUE
2025-03-25,2025-03-26,1454.0,Serviços de digitalização de documentos,OVERDUE
2025-03-26,2025-03-27,784.74,Assinatura de revistas técnicas,PENDING
2025-03-27,2025-03-28,98.7,Hospedagem de sites,PAID
2025-03-28,2025-03-29,529.55,Serviços de segurança,PAID
2025-03-29,2025-03-30,169.3,Reparos de emergência,PENDING
2025-03-30,2025-03-31,336.54,Manutenção de TI,OVERDUE
2025-03-31,2025-04-01,647.95,Serviços de saúde ocupacional,PAID
2025-04-01,2025-04-02,483.25,Pagamento de impostos,OVERDUE
2025-04-02,2025-04-03,285.8,Consultoria financeira,PAID
2025-04-03,2025-04-04,522.99,Atualização de software,PENDING
2025-04-04,2025-04-05,1385.33,Despesas de alimentação,PENDING
2025-04-05,2025-04-06,591.3,Aluguel do escritório,PENDING
2025-04-06,2025-04-07,1287.41,Serviços de auditoria,OVERDUE
2025-04-07,2025-04-08,1125.53,Despesas com certificações,PAID
2025-04-08,2025-04-09,1344.43,Serviços de recuperação de desastres,OVERDUE
2025-04-09,2025-04-10,1225.39,Marketing e publicidade,OVERDUE
2025-04-10,2025-04-11,288.93,Seguro empresarial,OVERDUE
2025-04-11,2025-04-12,1018.25,Serviços de transporte,PENDING
2025-04-12,2025-04-13,1034.04,Marketing e publicidade,OVERDUE
2025-04-13,2025-04-14,550.32,Serviços de manutenção predial,PENDING
2025-04-14,2025-04-15,1449.26,Serviços de segurança,PENDING
2025-04-15,2025-04-16,204.06,Serviços de backup,PAID
2025-04-16,2025-04-17,250.58,Serviços de segurança,PENDING
2025-04-17,2025-04-18,891.03,Compra de suprimentos,OVERDUE
2025-04-18,2025-04-19,1481.08,Compra de uniformes,PENDING
2025-04-19,2025-04-20,464.3,Serviços de auditoria,PENDING
2025-04-20,2025-04-21,755.38,Serviços de transporte,PAID
2025-04-21,2025-04-22,1079.42,Pagamento de fornecedores,PAID
2025-04-22,2025-04-23,1398.2,Consultoria estratégica,PAID
2025-04-23,2025-04-24,769.49,Manutenção de veículos,PENDING
2025-04-24,2025-04-25,1464.68,Reparos de emergência,PAID
2025-04-25,2025-04-26,1401.22,Serviços de reciclagem,OVERDUE
2025-04-26,2025-04-27,1071.81,Despesas de alimentação,PAID
2025-04-27,2025-04-28,1080.14,Serviços de manutenção predial,PENDING
2025-04-28,2025-04-29,1111.18,Treinamento de funcionários,OVERDUE
2025-04-29,2025-04-30,1135.04,Serviços de saúde ocupacional,PAID
2025-04-30,2025-05-01,1203.88,Serviços de contabilidade,PENDING
2025-05-01,2025-05-02,1487.27,Serviço de armazenamento,PAID
2025-05-02,2025-05-03,317.58,Serviços de desenvolvimento web,OVERDUE
2025-05-03,2025-05-04,584.69,Serviços de paisagismo,PENDING
2025-05-04,2025-05-05,566.03,Atualização de software,OVERDUE
2025-05-05,2025-05-06,465.47,Serviços de auditoria,PENDING
2025-05-06,2025-05-07,632.76,Serviços de manutenção predial,PENDING
2025-05-07,2025-05-08,290.8,Despesas com eventos,OVERDUE
2025-05-08,2025-05-09,680.11,Pagamento de fornecedores,OVERDUE
2025-05-09,2025-05-10,882.15,Compra de mobiliário,PENDING
2025-05-10,2025-05-11,1440.56,Serviços de coaching,OVERDUE
2025-05-11,2025-05-12,1114.03,Treinamento de funcionários,PENDING
2025-05-12,2025-05-13,347.72,Despesas com certificações,PENDING
2025-05-13,2025-05-14,142.62,Despesas com eventos,PAID
2025-05-14,2025-05-15,863.69,Serviços de jardinagem,PAID
2025-05-15,2025-05-16,192.78,Contratação de mão de obra,PAID
2025-05-16,2025-05-17,170.65,Marketing e publicidade,PENDING
2025-05-17,2025-05-18,1453.91,Manutenção de equipamentos,PAID
2025-05-18,2025-05-19,687.38,Manutenção de equipamentos,OVERDUE
2025-05-19,2025-05-20,125.59,Serviços de manutenção predial,OVERDUE
2025-05-20,2025-05-21,273.72,Despesas administrativas,PAID
2025-05-21,2025-05-22,1163.14,Consultoria financeira,OVERDUE
2025-05-22,2025-05-23,80.37,Manutenção de veículos,PAID
2025-05-23,2025-05-24,240.66,Consultoria financeira,OVERDUE
2025-05-24,2025-05-25,1493.4,Assinatura de revistas técnicas,PAID
2025-05-25,2025-05-26,515.27,Compra de software,OVERDUE
2025-05-26,2025-05-27,841.9,Serviços de auditoria,PAID
2025-05-27,2025-05-28,432.19,Compra de mobiliário,OVERDUE
2025-05-28,2025-05-29,503.86,Serviços de consultoria ambiental,OVERDUE
2025-05-29,2025-05-30,1371.53,Serviço de consultoria,PAID
2025-05-30,2025-05-31,1418.39,Serviços de recuperação de desastres,PENDING
2025-05-31,2025-06-01,693.25,Despesa com treinamento,PAID
2025-06-01,2025-06-02,1128.24,Serviços de telecomunicações,PAID
2025-06-02,2025-06-03,1164.84,Serviços de assistência técnica,PENDING
2025-06-03,2025-06-04,479.22,Serviço de armazenamento,PAID
2025-06-04,2025-06-05,1426.6,Serviços de digitalização de documentos,PAID
2025-06-05,2025-06-06,1460.14,Serviços de saúde ocupacional,PENDING
2025-06-06,2025-06-07,295.05,Manutenção de equipamentos,PENDING
2025-06-07,2025-06-08,549.44,Serviço de limpeza,PAID
2025-06-08,2025-06-09,295.99,Compra de materiais,PAID
2025-06-09,2025-06-10,1132.8,Serviços de paisagismo,PENDING
2025-06-10,2025-06-11,716.51,Serviços de design gráfico,PENDING
2025-06-11,2025-06-12,159.28,Serviços de contabilidade,OVERDUE
2025-06-12,2025-06-13,550.0,Despesas de alimentação,PAID
2025-06-13,2025-06-14,1120.19,Serviços de inspeção,PAID
2025-06-14,2025-06-15,285.44,Assinatura de revistas técnicas,PAID
2025-06-15,2025-06-16,1490.19,Pagamento de fornecedores,PAID
2025-06-16,2025-06-17,1155.64,Despesas com softwares de produtividade,PAID
2025-06-17,2025-06-18,1353.44,Serviços de inspeção,PAID
2025-06-18,2025-06-19,876.54,Compra de equipamentos de proteção,OVERDUE
2025-06-19,2025-06-20,1048.98,Compra de equipamentos de proteção,PAID
2025-06-20,2025-06-21,652.08,Treinamento de funcionários,OVERDUE
2025-06-21,2025-06-22,783.85,Pagamento de impostos,OVERDUE
2025-06-22,2025-06-23,1444.3,Serviço de consultoria,OVERDUE
2025-06-23,2025-06-24,1410.65,Serviço de limpeza,OVERDUE
2025-06-24,2025-06-25,918.11,Consultoria financeira,PAID
2025-06-25,2025-06-26,955.52,Serviços de design gráfico,PENDING
2025-06-26,2025-06-27,1377.25,Pagamento de serviços públicos,PENDING
2025-06-27,2025-06-28,689.52,Despesas de viagem,PAID
2025-06-28,2025-06-29,1325.09,Compra de combustível,PAID
2025-06-29,2025-06-30,468.06,Pagamento de fornecedores,PAID
2025-06-30,2025-07-01,1040.02,Serviços de monitoramento de alarmes,OVERDUE
2025-07-01,2025-07-02,1243.58,Serviços de coaching,PAID
2025-07-02,2025-07-03,462.03,Serviços de consultoria ambiental,PENDING
2025-07-03,2025-07-04,1278.93,Compra de hardware,PENDING
2025-07-04,2025-07-05,1213.47,Despesas de alimentação,OVERDUE
2025-07-05,2025-07-06,596.54,Serviços de fotografia,OVERDUE
2025-07-06,2025-07-07,1358.12,Serviços de digitalização de documentos,OVERDUE
2025-07-07,2025-07-08,409.64,Serviços de consultoria ambiental,OVERDUE
2025-07-08,2025-07-09,687.41,Despesas com cloud computing,PAID
2025-07-09,2025-07-10,198.85,Pagamento de impostos,PENDING
2025-07-10,2025-07-11,1238.58,Marketing e publicidade,PAID
2025-07-11,2025-07-12,226.36,Serviços de transporte,PAID
2025-07-12,2025-07-13,372.23,Despesas com softwares de produtividade,OVERDUE
2025-07-13,2025-07-14,742.47,Pagamento de serviços públicos,PAID
2025-07-14,2025-07-15,1321.91,Compra de combustível,PENDING
2025-07-15,2025-07-16,1463.5,Compra de software,PENDING
2025-07-16,2025-07-17,71.68,Serviço de armazenamento,PAID
2025-07-17,2025-07-18,174.76,Pagamento de serviços públicos,PENDING
2025-07-18,2025-07-19,1132.26,Serviços de inspeção,PAID
2025-07-19,2025-07-20,1391.47,Serviços de consultoria ambiental,PAID
2025-07-20,2025-07-21,65.82,Serviços de suporte ao cliente,PAID
2025-07-21,2025-07-22,137.87,Serviços de coaching,PENDING
2025-07-22,2025-07-23,112.1,Serviços de contabilidade,PAID
2025-07-23,2025-07-24,1245.35,Serviço de consultoria,OVERDUE
2025-07-24,2025-07-25,224.01,Participação em feiras,PENDING
2025-07-25,2025-07-26,1451.18,Despesas administrativas,OVERDUE
2025-07-26,2025-07-27,461.54,Serviços de manutenção predial,PENDING
2025-07-27,2025-07-28,871.03,Serviços de design gráfico,PENDING
2025-07-28,2025-07-29,1121.93,Despesas com eventos,OVERDUE
2025-07-29,2025-07-30,356.8,Treinamento de funcionários,OVERDUE
2025-07-30,2025-07-31,380.81,Serviços de jardinagem,PAID
2025-07-31,2025-08-01,734.71,Serviços de impressão,PENDING
2025-08-01,2025-08-02,94.53,Compra de hardware,OVERDUE
2025-08-02,2025-08-03,1222.1,Serviço de armazenamento,PAID
2025-08-03,2025-08-04,1342.16,Compra de hardware,PENDING
2025-08-04,2025-08-05,888.23,Seguro empresarial,PAID
2025-08-05,2025-08-06,605.39,Serviços de transporte,PENDING
2025-08-06,2025-08-07,981.67,Compra de suprimentos,PENDING
2025-08-07,2025-08-08,1279.05,Despesas de alimentação,PAID
2025-08-08,2025-08-09,707.98,Serviços de paisagismo,PENDING
2025-08-09,2025-08-10,532.22,Manutenção de veículos,PENDING
2025-08-10,2025-08-11,173.84,Aluguel do escritório,PENDING
2025-08-11,2025-08-12,1055.09,Pagamento de impostos,OVERDUE
2025-08-12,2025-08-13,1443.6,Serviços de suporte ao cliente,PENDING
2025-08-13,2025-08-14,372.93,Serviços jurídicos,PAID
2025-08-14,2025-08-15,1291.25,Serviços de segurança,OVERDUE
2025-08-15,2025-08-16,167.72,Serviços de consultoria em sustentabilidade,PAID
2025-08-16,2025-08-17,1075.58,Compra de uniformes,PENDING
2025-08-17,2025-08-18,1066.81,Serviços de paisagismo,PENDING
2025-08-18,2025-08-19,349.09,Serviços de design gráfico,PENDING
2025-08-19,2025-08-20,422.91,Serviços de saúde ocupacional,PAID
2025-08-20,2025-08-21,449.22,Hospedagem de sites,OVERDUE
2025-08-21,2025-08-22,1293.91,Serviços de consultoria em sustentabilidade,PAID
2025-08-22,2025-08-23,1478.42,Serviços de tradução,PENDING
2025-08-23,2025-08-24,1406.36,Despesas administrativas,PAID
2025-08-24,2025-08-25,812.12,Atualização de software,OVERDUE
2025-08-25,2025-08-26,521.72,Serviços de impressão,PAID
2025-08-26,2025-08-27,242.26,Treinamento de funcionários,PAID
2025-08-27,2025-08-28,1129.2,Treinamento de funcionários,PENDING
2025-08-28,2025-08-29,770.19,Serviços de recuperação de desastres,PAID
2025-08-29,2025-08-30,394.13,Serviços de consultoria em sustentabilidade,PAID
2025-08-30,2025-08-31,200.19,Serviços de segurança,PENDING
2025-08-31,2025-09-01,1336.04,Serviços de digitalização de documentos,PAID
2025-09-01,2025-09-02,552.45,Compra de combustível,PAID
2025-09-02,2025-09-03,1177.61,Compra de mobiliário,PAID
2025-09-03,2025-09-04,746.57,Serviços de segurança,PENDING
2025-09-04,2025-09-05,983.12,Serviços de consultoria em sustentabilidade,PENDING
2025-09-05,2025-09-06,527.87,Despesa com treinamento,PENDING
2025-09-06,2025-09-07,376.14,Serviços de suporte ao cliente,OVERDUE
2025-09-07,2025-09-08,1014.41,Serviço de armazenamento,PENDING
2025-09-08,2025-09-09,335.54,Serviços jurídicos,OVERDUE
2025-09-09,2025-09-10,857.15,Serviços de auditoria,PAID
2025-09-10,2025-09-11,118.96,Serviços de monitoramento de alarmes,PAID
2025-09-11,2025-09-12,474.84,Serviços de auditoria,PENDING
2025-09-12,2025-09-13,983.39,Compra de mobiliário,PAID
2025-09-13,2025-09-14,1241.05,Treinamento de funcionários,PENDING
2025-09-14,2025-09-15,463.63,Despesas com transporte de cargas,PAID
2025-09-15,2025-09-16,403.74,Serviços de contabilidade,PENDING
2025-09-16,2025-09-17,204.55,Despesas com softwares de produtividade,OVERDUE
2025-09-17,2025-09-18,979.5,Compra de software,OVERDUE
2025-09-18,2025-09-19,1299.53,Serviços de reciclagem,OVERDUE
2025-09-19,2025-09-20,1177.14,Serviços de telecomunicações,PAID
2025-09-20,2025-09-21,1390.84,Serviços de segurança,PAID
2025-09-21,2025-09-22,1307.06,Manutenção de equipamentos,PAID
2025-09-22,2025-09-23,802.03,Manutenção de TI,PENDING
2025-09-23,2025-09-24,1254.35,Serviços de backup,PENDING
2025-09-24,2025-09-25,1117.83,Serviços de reciclagem,OVERDUE
2025-09-25,2025-09-26,225.28,Compra de mobiliário,PENDING
2025-09-26,2025-09-27,1441.08,Serviço de limpeza,PAID
2025-09-27,2025-09-28,1308.19,Consultoria em RH,PAID
2025-09-28,2025-09-29,534.66,Compra de mobiliário,PAID
2025-09-29,2025-09-30,235.76,Serviços de consultoria em sustentabilidade,PENDING
2025-09-30,2025-10-01,920.9,Serviços de reciclagem,PENDING
2025-10-01,2025-10-02,1357.81,Despesa com correios,PAID
2025-10-02,2025-10-03,1174.45,Reparos de emergência,PENDING
2025-10-03,2025-10-04,354.02,Seguro empresarial,OVERDUE
2025-10-04,2025-10-05,1226.98,Serviços de design gráfico,PENDING
2025-10-05,2025-10-06,350.6,Compra de software,PENDING
2025-10-06,2025-10-07,1008.72,Serviços de paisagismo,OVERDUE
2025-10-07,2025-10-08,1488.29,Reparos de emergência,PENDING
2025-10-08,2025-10-09,228.71,Despesas de viagem,OVERDUE
2025-10-09,2025-10-10,1227.65,Compra de uniformes,PENDING
2025-10-10,2025-10-11,654.33,Serviço de consultoria,PAID
2025-10-11,2025-10-12,79.48,Manutenção de equipamentos,OVERDUE
2025-10-12,2025-10-13,827.96,Seguro empresarial,PAID
2025-10-13,2025-10-14,1148.2,Despesas com softwares de produtividade,PENDING
2025-10-14,2025-10-15,507.12,Serviços de manutenção predial,OVERDUE
2025-10-15,2025-10-16,85.84,Assinatura de revistas técnicas,PAID
2025-10-16,2025-10-17,1227.26,Serviços de saúde ocupacional,PAID
2025-10-17,2025-10-18,217.67,Consultoria em RH,PENDING
2025-10-18,2025-10-19,1289.56,Serviços de saúde ocupacional,PENDING
2025-10-19,2025-10-20,567.32,Compra de combustível,PAID
2025-10-20,2025-10-21,903.01,Serviços de assistência técnica,PENDING
2025-10-21,2025-10-22,442.63,Consultoria estratégica,PAID
2025-10-22,2025-10-23,726.92,Despesas de viagem,PAID
2025-10-23,2025-10-24,203.56,Manutenção de TI,OVERDUE
2025-10-24,2025-10-25,1099.49,Compra de combustível,OVERDUE
2025-10-25,2025-10-26,845.41,Manutenção de TI,PAID
2025-10-26,2025-10-27,1426.05,Compra de combustível,PENDING
2025-10-27,2025-10-28,457.25,Licenciamento de software,PAID
2025-10-28,2025-10-29,1185.78,Manutenção de TI,OVERDUE
2025-10-29,2025-10-30,494.51,Serviços de consultoria em sustentabilidade,PENDING
2025-10-30,2025-10-31,517.04,Compra de equipamentos de proteção,PAID
2025-10-31,2025-11-01,552.28,Despesas de viagem,PAID
2025-11-01,2025-11-02,1179.17,Pagamento de serviços públicos,OVERDUE
2025-11-02,2025-11-03,730.59,Despesas com melhorias de infraestrutura,OVERDUE
2025-11-03,2025-11-04,99.5,Despesas com cloud computing,OVERDUE
2025-11-04,2025-11-05,1079.34,Compra de equipamentos de proteção,PAID
2025-11-05,2025-11-06,860.99,Serviços de limpeza de janelas,OVERDUE
2025-11-06,2025-11-07,452.85,Despesas de alimentação,OVERDUE
2025-11-07,2025-11-08,951.61,Pagamento de fornecedores,OVERDUE
2025-11-08,2025-11-09,142.45,Treinamento de funcionários,OVERDUE
2025-11-09,2025-11-10,1029.57,Serviços de design gráfico,PAID
2025-11-10,2025-11-11,133.78,Hospedagem de sites,OVERDUE
2025-11-11,2025-11-12,1426.79,Marketing e publicidade,OVERDUE
2025-11-12,2025-11-13,1345.16,Despesas com softwares de produtividade,PENDING
2025-11-13,2025-11-14,1090.94,Compra de uniformes,OVERDUE
2025-11-14,2025-11-15,1104.99,Compra de software,PAID
2025-11-15,2025-11-16,1123.93,Compra de software,PAID
2025-11-16,2025-11-17,273.63,Despesas com softwares de produtividade,PAID
2025-11-17,2025-11-18,682.45,Consultoria estratégica,OVERDUE
2025-11-18,2025-11-19,739.86,Licenciamento de software,OVERDUE
2025-11-19,2025-11-20,720.02,Consultoria estratégica,PAID
2025-11-20,2025-11-21,1229.5,Marketing e publicidade,PAID
2025-11-21,2025-11-22,1309.26,Serviços de limpeza de janelas,OVERDUE
2025-11-22,2025-11-23,1490.33,Manutenção de TI,OVERDUE
2025-11-23,2025-11-24,72.63,Despesas com melhorias de infraestrutura,PAID
2025-11-24,2025-11-25,875.42,Despesas com transporte de cargas,PAID
2025-11-25,2025-11-26,1047.93,Serviços de backup,PAID
2025-11-26,2025-11-27,432.19,Despesa com correios,PENDING
2025-11-27,2025-11-28,1216.15,Serviços de backup,PENDING
2025-11-28,2025-11-29,200.22,Hospedagem de sites,OVERDUE
2025-11-29,2025-11-30,777.09,Serviços de coaching,PAID
2025-11-30,2025-12-01,603.42,Compra de materiais,PAID
2025-12-01,2025-12-02,110.18,Reparos de emergência,OVERDUE
2025-12-02,2025-12-03,249.07,Despesas com cloud computing,OVERDUE
2025-12-03,2025-12-04,1491.04,Serviços de suporte ao cliente,PAID
2025-12-04,2025-12-05,727.97,Serviços de jardinagem,OVERDUE
2025-12-05,2025-12-06,839.03,Hospedagem de sites,PAID
2025-12-06,2025-12-07,956.39,Serviços de suporte ao cliente,PAID
2025-12-07,2025-12-08,661.66,Serviços de assistência técnica,OVERDUE
2025-12-08,2025-12-09,837.94,Marketing e publicidade,PAID
2025-12-09,2025-12-10,1029.17,Reparos de emergência,PAID
2025-12-10,2025-12-11,1011.39,Serviços de tradução,PAID
2025-12-11,2025-12-12,423.0,Assinatura de revistas técnicas,OVERDUE
2025-12-12,2025-12-13,1331.78,Consultoria estratégica,PENDING
2025-12-13,2025-12-14,1273.23,Serviços de assistência técnica,OVERDUE
2025-12-14,2025-12-15,744.12,Despesas com melhorias de infraestrutura,OVERDUE
2025-12-15,2025-12-16,299.24,Serviços de segurança,PAID
2025-12-16,2025-12-17,550.75,Serviços de limpeza de janelas,PENDING
2025-12-17,2025-12-18,1269.67,Serviços de backup,OVERDUE
2025-12-18,2025-12-19,671.36,Atualização de software,PAID
2025-12-19,2025-12-20,549.99,Despesas com softwares de produtividade,PENDING
2025-12-20,2025-12-21,144.13,Serviço de consultoria,OVERDUE
2025-12-21,2025-12-22,1211.61,Serviços de recuperação de desastres,PAID
2025-12-22,2025-12-23,1284.68,Serviços de manutenção predial,OVERDUE
2025-12-23,2025-12-24,365.17,Compra de suprimentos,PAID
2025-12-24,2025-12-25,482.66,Serviços de coaching,OVERDUE
2025-12-25,2025-12-26,507.92,Compra de uniformes,PENDING
2025-12-26,2025-12-27,1036.37,Serviços de impressão,PAID
2025-12-27,2025-12-28,1130.63,Compra de suprimentos,OVERDUE
2025-12-28,2025-12-29,96.56,Despesas com eventos,OVERDUE
2025-12-29,2025-12-30,755.35,Pagamento de fornecedores,PAID
2025-12-30,2025-12-31,1188.24,Serviços de backup,PAID
2025-12-31,2026-01-01,59.06,Serviços de digitalização de documentos,PAID
2026-01-01,2026-01-02,524.15,Aluguel do escritório,OVERDUE
2026-01-02,2026-01-03,116.45,Serviços de assistência técnica,PAID
2026-01-03,2026-01-04,563.07,Compra de suprimentos,PAID
2026-01-04,2026-01-05,1078.7,Serviços de jardinagem,PAID
2026-01-05,2026-01-06,1295.53,Pagamento de fornecedores,PAID
2026-01-06,2026-01-07,1039.42,Manutenção de TI,OVERDUE
2026-01-07,2026-01-08,121.29,Serviços de assistência técnica,OVERDUE
2026-01-08,2026-01-09,924.95,Compra de materiais,OVERDUE
2026-01-09,2026-01-10,1284.5,Serviços de paisagismo,OVERDUE
2026-01-10,2026-01-11,144.72,Serviços de tradução,PENDING
2026-01-11,2026-01-12,1390.57,Pagamento de serviços públicos,PAID
2026-01-12,2026-01-13,1492.09,Serviços de suporte ao cliente,PENDING
2026-01-13,2026-01-14,1195.66,Pagamento de fornecedores,PAID
2026-01-14,2026-01-15,1029.41,Aluguel do escritório,OVERDUE
2026-01-15,2026-01-16,667.44,Serviços jurídicos,OVERDUE
2026-01-16,2026-01-17,1046.87,Consultoria em RH,PENDING
2026-01-17,2026-01-18,1472.46,Serviços de transporte,OVERDUE
2026-01-18,2026-01-19,322.24,Despesas com cloud computing,PAID
2026-01-19,2026-01-20,1389.56,Treinamento de funcionários,PAID
2026-01-20,2026-01-21,443.35,Despesas com transporte de cargas,PAID
2026-01-21,2026-01-22,860.68,Atualização de software,PAID
2026-01-22,2026-01-23,276.74,Serviços de impressão,PENDING
2026-01-23,2026-01-24,540.5,Serviços de backup,PAID
2026-01-24,2026-01-25,1228.55,Serviços de consultoria em sustentabilidade,PAID
2026-01-25,2026-01-26,279.04,Serviço de limpeza,PENDING
2026-01-26,2026-01-27,1439.7,Despesas com melhorias de infraestrutura,PAID
2026-01-27,2026-01-28,825.64,Serviços de tradução,PAID
2026-01-28,2026-01-29,943.22,Serviços de recuperação de desastres,PENDING
2026-01-29,2026-01-30,818.1,Despesas de viagem,PENDING
2026-01-30,2026-01-31,1125.74,Consultoria estratégica,PAID
2026-01-31,2026-02-01,216.25,Compra de uniformes,OVERDUE
2026-02-01,2026-02-02,528.08,Serviços jurídicos,PAID
2026-02-02,2026-02-03,834.25,Serviço de consultoria,PAID
2026-02-03,2026-02-04,596.05,Hospedagem de sites,PAID
2026-02-04,2026-02-05,1249.62,Serviços de desenvolvimento web,PENDING
2026-02-05,2026-02-06,633.16,Compra de equipamentos de proteção,OVERDUE
2026-02-06,2026-02-07,1316.83,Marketing e publicidade,PENDING
2026-02-07,2026-02-08,869.82,Compra de uniformes,OVERDUE
2026-02-08,2026-02-09,224.15,Despesas com melhorias de infraestrutura,PENDING
2026-02-09,2026-02-10,1352.92,Serviços de assistência técnica,PAID
2026-02-10,2026-02-11,1242.06,Serviços de paisagismo,PAID
2026-02-11,2026-02-12,615.87,Serviços de backup,PENDING
2026-02-12,2026-02-13,523.26,Serviços jurídicos,OVERDUE
2026-02-13,2026-02-14,651.33,Despesa com correios,OVERDUE
2026-02-14,2026-02-15,496.3,Compra de software,OVERDUE
2026-02-15,2026-02-16,538.72,Serviço de consultoria,PENDING
2026-02-16,2026-02-17,395.12,Serviços de transporte,PAID
2026-02-17,2026-02-18,1146.23,Participação em feiras,PENDING
2026-02-18,2026-02-19,242.07,Serviços de digitalização de documentos,PENDING
2026-02-19,2026-02-20,787.49,Consultoria estratégica,PAID
2026-02-20,2026-02-21,923.34,Despesas com eventos,PENDING
2026-02-21,2026-02-22,388.18,Manutenção de TI,PENDING
2026-02-22,2026-02-23,1287.43,Seguro empresarial,OVERDUE
2026-02-23,2026-02-24,594.78,Despesas de viagem,OVERDUE
2026-02-24,2026-02-25,579.11,Consultoria estratégica,PENDING
2026-02-25,2026-02-26,455.29,Serviços de digitalização de documentos,OVERDUE
2026-02-26,2026-02-27,590.67,Compra de hardware,PENDING
2026-02-27,2026-02-28,675.26,Compra de combustível,OVERDUE
2026-02-28,2026-03-01,931.29,Manutenção de veículos,PAID
2026-03-01,2026-03-02,1151.45,Despesas com softwares de produtividade,PAID
2026-03-02,2026-03-03,377.72,Consultoria estratégica,PENDING
2026-03-03,2026-03-04,221.24,Serviços de inspeção,PAID
2026-03-04,2026-03-05,1134.23,Serviços de inspeção,PAID
2026-03-05,2026-03-06,660.06,Serviços de assistência técnica,PAID
2026-03-06,2026-03-07,70.51,Serviços de transporte,PAID
2026-03-07,2026-03-08,443.9,Aluguel do escritório,OVERDUE
2026-03-08,2026-03-09,508.49,Manutenção de TI,PAID
2026-03-09,2026-03-10,688.2,Despesas com transporte de cargas,PENDING
2026-03-10,2026-03-11,405.12,Assinatura de revistas técnicas,PAID
2026-03-11,2026-03-12,173.67,Compra de materiais,PAID
2026-03-12,2026-03-13,641.51,Treinamento de funcionários,OVERDUE
2026-03-13,2026-03-14,932.35,Serviços de manutenção predial,PAID
2026-03-14,2026-03-15,1468.55,Compra de hardware,PENDING
2026-03-15,2026-03-16,1258.56,Serviços de consultoria em sustentabilidade,OVERDUE
2026-03-16,2026-03-17,631.42,Serviços de digitalização de documentos,PENDING
2026-03-17,2026-03-18,1092.8,Despesas com eventos,OVERDUE
2026-03-18,2026-03-19,61.54,Compra de mobiliário,OVERDUE
2026-03-19,2026-03-20,161.96,Assinatura de revistas técnicas,PAID
2026-03-20,2026-03-21,1481.66,Serviços de desenvolvimento web,PENDING
2026-03-21,2026-03-22,149.54,Serviços de tradução,PENDING
2026-03-22,2026-03-23,1012.02,Serviços jurídicos,PAID
2026-03-23,2026-03-24,170.88,Serviços de telecomunicações,PENDING
2026-03-24,2026-03-25,1058.57,Despesas com eventos,OVERDUE
2026-03-25,2026-03-26,567.82,Despesas com transporte de cargas,PENDING
2026-03-26,2026-03-27,647.5,Serviços de tradução,PAID
2026-03-27,2026-03-28,436.5,Manutenção de TI,PAID